{"cameraMode":{"drawMode":0,"name":"Shaded","section":"Shading Mode"},"sceneLighting":true,"audioPlay":false,"sceneViewState":{"showFog":true,"showMaterialUpdate":false,"showSkybox":true,"showFlares":true,"showImageEffects":true,"showParticleSystems":true},"in2DMode":false,"pivot":{"x":3.598724126815796,"y":1.8614563941955567,"z":3.8372793197631838},"rotation":{"x":0.21577730774879456,"y":-0.01025242917239666,"z":0.002265745075419545,"w":0.9763859510421753},"size":2.572911262512207,"orthographic":true}